{
  "experiment_id": "unified_framework_20251103_113346",
  "start_time": "2025-11-03T11:33:46.281294",
  "config": {
    "prompts_dir": "results\\amsuite_baseline_grok_4_0709\\prompts",
    "models": [
      "grok-4-0709"
    ],
    "samples_per_condition": 20,
    "output_dir": "results\\amsuite_baseline_grok_4_0709",
    "concurrency_limits": {},
    "provider_concurrency_limits": {
      "xai": 100
    },
    "classification_enabled": true,
    "resume_from": null,
    "verbose": false,
    "rate_limits": null,
    "debug": false,
    "temperature": 0.7
  },
  "total_samples": 1440,
  "completed_samples": 1434,
  "failed_samples": 6,
  "status": "completed"
}